id,first_name,last_name,email,gender
1,Goddard,De Giorgis,gdegiorgis0@wisc.edu,Male
2,Bertie,Turnock,bturnock1@yahoo.co.jp,Male
3,Zilvia,Holsall,zholsall2@ask.com,Non-binary
4,Darda,Milley,dmilley3@google.ru,Female
5,Mellie,McCarle,mmccarle4@omniture.com,Female
6,Jacquelin,McKeating,jmckeating5@statcounter.com,Genderqueer
7,Sophie,Marshman,smarshman6@printfriendly.com,Female
8,Suzann,Eldridge,seldridge7@npr.org,Female
9,Aundrea,Hounsom,ahounsom8@pcworld.com,Female
10,Saunder,Petrie,spetrie9@thetimes.co.uk,Male
11,Lewiss,Fetter,lfettera@i2i.jp,Male
12,Tann,Morde,tmordeb@cnn.com,Male
13,Tiffy,De Launde,tdelaundec@fotki.com,Female
14,Marleah,Grayshan,mgrayshand@nih.gov,Bigender
15,Lynnea,Schachter,lschachtere@timesonline.co.uk,Female
16,Silvana,Duffitt,sduffittf@tripadvisor.com,Female
17,Morly,Sunnucks,msunnucksg@dyndns.org,Male
18,Barry,Pettitt,bpettitth@rambler.ru,Male
19,Clemens,Hazeldene,chazeldenei@go.com,Male
20,Gottfried,Hartly,ghartlyj@foxnews.com,Male
21,Jada,Libbis,jlibbisk@washingtonpost.com,Female
22,Falito,Happert,fhappertl@msn.com,Genderqueer
23,Eloise,Rowes,erowesm@chron.com,Female
24,Kennedy,Piller,kpillern@google.pl,Male
25,Barbara-anne,Yole,byoleo@kickstarter.com,Female
26,Nikola,Casterot,ncasterotp@irs.gov,Male
27,Perry,Braunes,pbraunesq@cdbaby.com,Female
28,Erv,Leftwich,eleftwichr@go.com,Male
29,Eunice,Annes,eanness@google.com.au,Female
30,Sky,Raraty,sraratyt@stumbleupon.com,Male
31,Elissa,Ashmole,eashmoleu@ed.gov,Female
32,Georges,Harkes,gharkesv@cdc.gov,Male
33,Vitia,Murkitt,vmurkittw@ifeng.com,Non-binary
34,Pedro,Coucher,microserviceudemycourse@gmail.com,Male
35,Smith,Secretan,ssecretany@linkedin.com,Male
36,Linda,Crookston,lcrookstonz@answers.com,Non-binary
37,Dena,Bellany,dbellany10@friendfeed.com,Female
38,Antonino,Trevillion,atrevillion11@unblog.fr,Polygender
39,Dewey,Hinkes,dhinkes12@aol.com,Male
40,Bernete,Reeme,breeme13@51.la,Female
41,Sheffy,Atthowe,satthowe14@slashdot.org,Non-binary
42,Enrika,Minero,eminero15@dailymail.co.uk,Female
43,Briney,Guiett,bguiett16@de.vu,Female
44,Chickie,Davitti,cdavitti17@slashdot.org,Non-binary
45,Zara,Barry,zbarry18@sun.com,Agender
46,Maye,Scotfurth,mscotfurth19@csmonitor.com,Female
47,Sauveur,Comrie,scomrie1a@unesco.org,Male
48,Gerek,Toland,gtoland1b@cdc.gov,Male
49,Erasmus,Ubsdall,eubsdall1c@ycombinator.com,Male
50,Gerhardt,Pherps,gpherps1d@com.com,Male
51,Arlinda,Pele,apele1e@ehow.com,Female
52,Marcile,Helian,mhelian1f@google.ru,Female
53,Sofie,Witherup,switherup1g@usatoday.com,Female
54,Emmery,Tivenan,etivenan1h@theglobeandmail.com,Male
55,Nannie,Dobell,ndobell1i@army.mil,Female
56,Vladamir,Leonarde,vleonarde1j@nyu.edu,Male
57,Cammie,Crust,ccrust1k@quantcast.com,Female
58,Maggee,Blenkhorn,mblenkhorn1l@networksolutions.com,Female
59,Romeo,Bough,rbough1m@wikispaces.com,Male
60,Kandace,Byers,kbyers1n@yahoo.com,Female
61,Kirsten,Walkowski,kwalkowski1o@census.gov,Female
62,Lucilia,Di Bartolomeo,ldibartolomeo1p@webnode.com,Female
63,Lexis,McEnhill,lmcenhill1q@rambler.ru,Female
64,Boyd,Mival,bmival1r@patch.com,Male
65,Stephine,Aasaf,saasaf1s@unicef.org,Female
66,Verney,Patnelli,vpatnelli1t@bloglines.com,Male
67,Gaby,Aimson,gaimson1u@infoseek.co.jp,Male
68,Kailey,Karadzas,kkaradzas1v@theatlantic.com,Female
69,Michele,Tantum,mtantum1w@quantcast.com,Female
70,Farleigh,Gounet,fgounet1x@csmonitor.com,Male
71,Jard,Sancroft,jsancroft1y@virginia.edu,Male
72,Althea,Gregoire,agregoire1z@webnode.com,Female
73,Augusto,Gummoe,agummoe20@independent.co.uk,Non-binary
74,Berkeley,Barnby,bbarnby21@umn.edu,Male
75,Lindy,Wasielewski,lwasielewski22@tripod.com,Male
76,Kimmie,Biddles,kbiddles23@topsy.com,Female
77,Dasya,Vail,dvail24@usa.gov,Female
78,Coriss,Charnock,ccharnock25@squarespace.com,Female
79,Benito,Newband,bnewband26@vkontakte.ru,Male
80,Melania,Joslin,mjoslin27@nydailynews.com,Female
81,Madlin,Blatherwick,mblatherwick28@amazon.de,Female
82,Shae,Caffin,scaffin29@army.mil,Male
83,Garwin,Nesterov,gnesterov2a@ask.com,Male
84,Barri,Fibbit,bfibbit2b@nasa.gov,Male
85,Ronna,Dureden,rdureden2c@youtube.com,Female
86,Freida,Ruggiero,fruggiero2d@behance.net,Female
87,Deane,Benoiton,dbenoiton2e@usnews.com,Male
88,Terrell,Moryson,tmoryson2f@examiner.com,Agender
89,Maren,Woolatt,mwoolatt2g@cnbc.com,Female
90,Ailis,Rivalland,arivalland2h@chron.com,Female
91,Phedra,Kollas,pkollas2i@bbb.org,Female
92,Dasha,Hatje,dhatje2j@house.gov,Female
93,Shoshanna,Lusk,slusk2k@loc.gov,Female
94,Syd,Nowell,snowell2l@fema.gov,Male
95,Velma,Clavey,vclavey2m@yolasite.com,Female
96,Delaney,Oliveras,doliveras2n@instagram.com,Male
97,Ashla,Gooddie,agooddie2o@furl.net,Polygender
98,Lorine,Bradie,lbradie2p@ycombinator.com,Female
99,Hillie,Collister,hcollister2q@bloglovin.com,Male
100,Virgina,Guppie,vguppie2r@ameblo.jp,Female
101,Tildi,Bellingham,tbellingham2s@narod.ru,Female
102,Shaylynn,Mathias,smathias2t@wired.com,Female
103,Ardine,Pockey,apockey2u@sina.com.cn,Female
104,Brandi,Torricella,btorricella2v@yandex.ru,Female
105,Brena,Sidlow,bsidlow2w@hexun.com,Bigender
106,Rosabelle,Dobel,rdobel2x@sun.com,Female
107,Albie,Batchellor,abatchellor2y@house.gov,Bigender
108,Cullen,Dudderidge,cdudderidge2z@yelp.com,Genderfluid
109,Willey,Orgill,worgill30@cocolog-nifty.com,Male
110,Rosabelle,Yule,ryule31@issuu.com,Polygender
111,Maurizio,Songist,msongist32@ucoz.com,Male
112,Calvin,Goney,cgoney33@ustream.tv,Male
113,Bekki,Oehm,boehm34@creativecommons.org,Female
114,Jillie,Cordobes,jcordobes35@wordpress.org,Female
115,Sigvard,Abdie,sabdie36@myspace.com,Male
116,Gerrie,Bibbie,gbibbie37@zdnet.com,Female
117,Barclay,Moth,bmoth38@usatoday.com,Male
118,Emelia,Carvil,ecarvil39@newyorker.com,Female
119,Elset,Paley,epaley3a@vimeo.com,Female
120,Arturo,Evennett,aevennett3b@engadget.com,Male
121,Eleanora,Robley,erobley3c@ftc.gov,Female
122,Sammie,Tackle,stackle3d@ow.ly,Agender
123,Connie,Vecard,cvecard3e@state.gov,Female
124,Andonis,Enrico,aenrico3f@altervista.org,Male
125,Annabal,Senecaut,asenecaut3g@dot.gov,Female
126,Daren,Pettyfer,dpettyfer3h@wikispaces.com,Male
127,Johnath,Jeannaud,jjeannaud3i@skype.com,Female
128,Filippa,Eagleston,feagleston3j@ted.com,Bigender
129,Lucille,Oppy,loppy3k@bizjournals.com,Genderfluid
130,Frasco,Bineham,fbineham3l@homestead.com,Male
131,Tye,Gonnin,tgonnin3m@ameblo.jp,Male
132,Carolee,Staneland,cstaneland3n@paginegialle.it,Female
133,Elias,Stoacley,estoacley3o@google.cn,Agender
134,Parker,Ebdin,pebdin3p@cisco.com,Male
135,Rebekkah,Dolton,rdolton3q@blog.com,Female
136,Dulcine,Langrick,dlangrick3r@home.pl,Female
137,Lanna,McTurley,lmcturley3s@umn.edu,Female
138,Thomas,Saurin,tsaurin3t@sciencedirect.com,Male
139,Sandor,Cosgrave,scosgrave3u@xrea.com,Male
140,Olvan,Costall,ocostall3v@skype.com,Male
141,Erasmus,Cabrera,ecabrera3w@spotify.com,Male
142,Franny,Durman,fdurman3x@amazon.com,Female
143,Annmaria,Gandy,agandy3y@indiegogo.com,Female
144,Hube,Battye,hbattye3z@flavors.me,Male
145,Derry,Nutter,dnutter40@soup.io,Male
146,Garnette,Cheine,gcheine41@earthlink.net,Polygender
147,Yul,Atherley,yatherley42@pbs.org,Male
148,Ebony,Forcade,eforcade43@behance.net,Female
149,Kaja,Aneley,kaneley44@loc.gov,Female
150,Tamiko,Eadmeads,teadmeads45@google.com.hk,Female
151,Quent,Crick,qcrick46@bandcamp.com,Male
152,Birgit,Tirkin,btirkin47@spiegel.de,Agender
153,Amandie,Michin,amichin48@pen.io,Female
154,Harriette,Kissock,hkissock49@quantcast.com,Female
155,Rosabelle,Widdicombe,rwiddicombe4a@opera.com,Female
156,Ephraim,Priter,epriter4b@google.com.au,Non-binary
157,Martie,Gariff,mgariff4c@hao123.com,Female
158,Corie,Stuke,cstuke4d@gizmodo.com,Female
159,Dermot,Hek,dhek4e@flavors.me,Male
160,Staffard,Sharram,ssharram4f@sina.com.cn,Polygender
161,Ruthi,Lamping,rlamping4g@printfriendly.com,Female
162,Emelyne,Weepers,eweepers4h@netscape.com,Female
163,Marty,McGrann,mmcgrann4i@narod.ru,Female
164,Bobinette,Titterington,btitterington4j@cbc.ca,Female
165,Theodosia,Buxcy,tbuxcy4k@oracle.com,Agender
166,Mattie,Pulbrook,mpulbrook4l@theatlantic.com,Male
167,Mathilda,Skilling,mskilling4m@yelp.com,Female
168,Rudy,Tabb,rtabb4n@sbwire.com,Male
169,Cobb,Buckoke,cbuckoke4o@opensource.org,Male
170,Adela,Round,around4p@imgur.com,Female
171,Jamima,Klehyn,jklehyn4q@xrea.com,Female
172,Oran,Billo,obillo4r@topsy.com,Male
173,Marylou,Pyatt,mpyatt4s@nba.com,Female
174,Gearalt,Evason,gevason4t@paypal.com,Male
175,Boot,Whylie,bwhylie4u@hubpages.com,Male
176,Klarrisa,Balharrie,kbalharrie4v@ihg.com,Female
177,Sasha,Yegorshin,syegorshin4w@google.com.br,Female
178,Franz,Gaylor,fgaylor4x@bbc.co.uk,Male
179,Wayland,McKim,wmckim4y@vimeo.com,Male
180,Flint,Ruit,fruit4z@foxnews.com,Male
181,Pincas,Frays,pfrays50@zimbio.com,Male
182,Tracey,Woolfitt,twoolfitt51@cdc.gov,Female
183,Rochette,Piggrem,rpiggrem52@parallels.com,Female
184,Perceval,Bridgewater,pbridgewater53@last.fm,Male
185,Zsazsa,Shervil,zshervil54@rakuten.co.jp,Female
186,Alvy,Marks,amarks55@youtube.com,Male
187,Edgar,Yo,eyo56@bbb.org,Male
188,Esdras,Ossulton,eossulton57@creativecommons.org,Male
189,Darleen,Lottrington,dlottrington58@smugmug.com,Female
190,Tallulah,Guinnane,tguinnane59@mozilla.org,Female
191,Trenna,Wheeldon,twheeldon5a@flavors.me,Female
192,Devon,Gery,dgery5b@yolasite.com,Female
193,Mozelle,Rappa,mrappa5c@shop-pro.jp,Female
194,Kyrstin,Boots,kboots5d@blog.com,Agender
195,Blake,Labes,blabes5e@sfgate.com,Male
196,Jeffy,Lideard,jlideard5f@flavors.me,Male
197,Emera,Dally,edally5g@jiathis.com,Female
198,Batholomew,Margiotta,bmargiotta5h@msu.edu,Male
199,Danielle,Nathan,dnathan5i@google.nl,Female
200,Nefen,Millthorpe,nmillthorpe5j@jugem.jp,Genderqueer
201,Marylinda,Tilzey,mtilzey5k@bbc.co.uk,Female
202,Bernard,Postill,bpostill5l@state.gov,Male
203,Netta,Plowes,nplowes5m@merriam-webster.com,Genderfluid
204,Ben,Eringey,beringey5n@istockphoto.com,Genderqueer
205,Fabiano,Katzmann,fkatzmann5o@prlog.org,Male
206,Clevey,Piddocke,cpiddocke5p@theatlantic.com,Male
207,Nikita,Ballaam,nballaam5q@java.com,Male
208,Catrina,Parsisson,cparsisson5r@php.net,Female
209,Oliver,Nollet,onollet5s@drupal.org,Male
210,Martita,Espino,mespino5t@altervista.org,Female
211,Guntar,Bortoloni,gbortoloni5u@columbia.edu,Male
212,Martina,Seale,mseale5v@foxnews.com,Female
213,Syd,Junifer,sjunifer5w@cloudflare.com,Male
214,Morganne,Seyers,mseyers5x@pagesperso-orange.fr,Female
215,Daron,Cartmale,dcartmale5y@ustream.tv,Female
216,Redford,Mughal,rmughal5z@about.me,Male
217,Aubry,Geeson,ageeson60@dion.ne.jp,Female
218,Nixie,Coolahan,ncoolahan61@t-online.de,Female
219,Charlie,Cundey,ccundey62@yale.edu,Non-binary
220,Phaedra,Ireland,pireland63@blog.com,Female
221,Leena,Cleyburn,lcleyburn64@freewebs.com,Female
222,Davina,Lovejoy,dlovejoy65@ehow.com,Agender
223,Joann,Jendrusch,jjendrusch66@pbs.org,Female
224,Rosella,Seeman,rseeman67@seesaa.net,Genderqueer
225,Katrinka,Witch,kwitch68@opera.com,Female
226,Zabrina,Goodison,zgoodison69@soup.io,Female
227,Lyndell,Wardall,lwardall6a@sbwire.com,Female
228,Angelina,Toms,atoms6b@newsvine.com,Female
229,Hubie,Triplow,htriplow6c@g.co,Male
230,Marietta,Hardinge,mhardinge6d@so-net.ne.jp,Male
231,Cletus,Brownsett,cbrownsett6e@yahoo.com,Male
232,Andris,Fenner,afenner6f@woothemes.com,Male
233,Ynes,Lillegard,ylillegard6g@homestead.com,Female
234,Tudor,Stoves,tstoves6h@shinystat.com,Male
235,Fredelia,Bear,fbear6i@51.la,Genderqueer
236,Rogerio,Bean,rbean6j@aboutads.info,Agender
237,Elysha,Inns,einns6k@joomla.org,Genderfluid
238,Derril,Pattle,dpattle6l@blogspot.com,Male
239,Eugine,Sheldrick,esheldrick6m@wufoo.com,Female
240,Eleanor,Lawles,elawles6n@cornell.edu,Female
241,Pail,Klaff,pklaff6o@webnode.com,Male
242,Gordon,Franz,gfranz6p@prnewswire.com,Male
243,Issy,Hukin,ihukin6q@exblog.jp,Female
244,Ursola,Sibille,usibille6r@nsw.gov.au,Female
245,Golda,Korfmann,gkorfmann6s@trellian.com,Female
246,Sheela,Raynham,sraynham6t@reuters.com,Female
247,Klaus,Trace,ktrace6u@plala.or.jp,Male
248,Kizzee,Antonioni,kantonioni6v@issuu.com,Female
249,Bert,Balwin,bbalwin6w@baidu.com,Female
250,Henrieta,Mully,hmully6x@feedburner.com,Female
251,Enrico,Bach,ebach6y@examiner.com,Genderqueer
252,Indira,Brindle,ibrindle6z@woothemes.com,Female
253,Alec,Leah,aleah70@webeden.co.uk,Male
254,Eamon,Float,efloat71@mapquest.com,Bigender
255,Anatola,Curneen,acurneen72@prnewswire.com,Female
256,Sheff,Deener,sdeener73@cocolog-nifty.com,Male
257,Allister,Gambell,agambell74@usa.gov,Male
258,Con,Dimanche,cdimanche75@canalblog.com,Male
259,Welby,Vasey,wvasey76@1688.com,Male
260,Phelia,Pescod,ppescod77@utexas.edu,Female
261,Teena,O' Cloney,tocloney78@cornell.edu,Female
262,Lidia,Cutill,lcutill79@digg.com,Female
263,Hastings,Olekhov,holekhov7a@unicef.org,Male
264,Joceline,Alessandretti,jalessandretti7b@cocolog-nifty.com,Female
265,Masha,Sleight,msleight7c@freewebs.com,Female
266,Rosemarie,Gianullo,rgianullo7d@ezinearticles.com,Female
267,Wenonah,Toten,wtoten7e@ebay.co.uk,Female
268,Daron,Bickford,dbickford7f@furl.net,Female
269,Norrie,Retter,nretter7g@harvard.edu,Male
270,Calvin,Pirie,cpirie7h@paginegialle.it,Male
271,Corine,Forten,cforten7i@discovery.com,Non-binary
272,Axel,Heamus,aheamus7j@yellowpages.com,Male
273,Alleen,Crisall,acrisall7k@cbslocal.com,Female
274,Aldus,Purdy,apurdy7l@mac.com,Male
275,Blaire,Crippes,bcrippes7m@jimdo.com,Female
276,Gaston,Kopfer,gkopfer7n@cpanel.net,Male
277,Nicoline,Buscombe,nbuscombe7o@woothemes.com,Agender
278,Iggy,Popplestone,ipopplestone7p@elegantthemes.com,Male
279,Hew,Blaszkiewicz,hblaszkiewicz7q@cyberchimps.com,Agender
280,Regan,Jakobsson,rjakobsson7r@zdnet.com,Female
281,Naoma,Malenfant,nmalenfant7s@go.com,Female
282,Persis,Bolt,pbolt7t@goodreads.com,Female
283,Torre,Torfin,ttorfin7u@cdbaby.com,Male
284,Agata,Waddam,awaddam7v@is.gd,Female
285,Jedd,Maclaine,jmaclaine7w@webeden.co.uk,Male
286,Nola,Curnucke,ncurnucke7x@exblog.jp,Female
287,Brewster,Hallbord,bhallbord7y@weebly.com,Male
288,Leopold,Maplestone,lmaplestone7z@senate.gov,Male
289,Brandon,Bearns,bbearns80@comsenz.com,Male
290,Arel,Inkpin,ainkpin81@sciencedaily.com,Male
291,Lonny,Flippelli,lflippelli82@nymag.com,Male
292,Myles,Marskell,mmarskell83@twitpic.com,Male
293,Hurley,Broadey,hbroadey84@mac.com,Male
294,Kaine,Zohrer,kzohrer85@usa.gov,Male
295,Augusto,Clinton,aclinton86@wikimedia.org,Male
296,Allys,Kingsly,akingsly87@networksolutions.com,Female
297,Jewelle,Leel,jleel88@ucoz.ru,Female
298,Luce,Sprackling,lsprackling89@goo.ne.jp,Bigender
299,Kass,Katt,kkatt8a@alexa.com,Female
300,Jesus,MacIlraith,jmacilraith8b@ezinearticles.com,Male
301,Fawn,Fidoe,ffidoe8c@telegraph.co.uk,Female
302,Phylis,Kilgrew,pkilgrew8d@github.io,Polygender
303,Tome,Puddifer,tpuddifer8e@youtube.com,Bigender
304,Si,Pashby,spashby8f@ftc.gov,Agender
305,Erie,Rollin,erollin8g@omniture.com,Male
306,Percival,Matashkin,pmatashkin8h@tamu.edu,Male
307,Lonee,Howship,lhowship8i@jigsy.com,Genderqueer
308,Lynnette,Poinsett,lpoinsett8j@flavors.me,Female
309,Rhea,Biskup,rbiskup8k@yellowpages.com,Female
310,Humfrid,Proudler,hproudler8l@github.io,Male
311,Jeffrey,Bernuzzi,jbernuzzi8m@businesswire.com,Male
312,Olivia,Fulks,ofulks8n@hc360.com,Female
313,Augie,Lowbridge,alowbridge8o@vk.com,Bigender
314,Anderea,Grouen,agrouen8p@jigsy.com,Female
315,Benito,Bunkle,bbunkle8q@time.com,Polygender
316,Irena,Swaite,iswaite8r@biglobe.ne.jp,Female
317,Kalie,Gurry,kgurry8s@google.co.uk,Female
318,Lorettalorna,Sanpher,lsanpher8t@amazonaws.com,Female
319,Parker,Kanzler,pkanzler8u@so-net.ne.jp,Male
320,Julissa,Pressey,jpressey8v@msn.com,Female
321,Darnell,Henstone,dhenstone8w@hexun.com,Male
322,Eberhard,Cluderay,ecluderay8x@who.int,Male
323,Jeddy,Parren,jparren8y@narod.ru,Male
324,Berkie,Cookney,bcookney8z@studiopress.com,Male
325,Chev,Tebbet,ctebbet90@example.com,Male
326,Richart,Sandhill,rsandhill91@e-recht24.de,Genderfluid
327,Claribel,Vequaud,cvequaud92@vk.com,Female
328,Bonnibelle,Florentine,bflorentine93@google.ru,Female
329,Clarette,Worsall,cworsall94@cnn.com,Female
330,Kristy,Crosse,kcrosse95@vimeo.com,Genderqueer
331,Calv,Iacovone,ciacovone96@slideshare.net,Male
332,Ximenes,Ryam,xryam97@auda.org.au,Male
333,Conroy,Vasishchev,cvasishchev98@dailymail.co.uk,Male
334,Noland,Swinfen,nswinfen99@go.com,Male
335,Shepperd,Harmond,sharmond9a@stanford.edu,Male
336,Jelene,Stredwick,jstredwick9b@creativecommons.org,Female
337,Sisely,Rattery,srattery9c@accuweather.com,Female
338,Jacki,Brideoke,jbrideoke9d@adobe.com,Female
339,Bartie,McBryde,bmcbryde9e@gravatar.com,Male
340,Cathryn,Bloxam,cbloxam9f@soundcloud.com,Female
341,Isabelita,Standbrook,istandbrook9g@slate.com,Female
342,Rebe,Griggs,rgriggs9h@jalbum.net,Female
343,Noreen,Don,ndon9i@amazon.com,Female
344,Jennine,Vallis,jvallis9j@uiuc.edu,Female
345,Rozelle,Vidloc,rvidloc9k@geocities.jp,Female
346,Rufus,Egre,regre9l@meetup.com,Male
347,Olav,Clapison,oclapison9m@smh.com.au,Male
348,Heath,Pitcaithly,hpitcaithly9n@nps.gov,Male
349,Lebbie,Steabler,lsteabler9o@networksolutions.com,Female
350,Darcy,Walter,dwalter9p@google.co.uk,Male
351,Leo,Curds,lcurds9q@oracle.com,Genderfluid
352,Adaline,Gowthorpe,agowthorpe9r@fotki.com,Female
353,Elladine,Gaymar,egaymar9s@github.io,Female
354,Marven,Sawdy,msawdy9t@rambler.ru,Male
355,Shaylyn,Casellas,scasellas9u@xrea.com,Female
356,Grayce,Shatliffe,gshatliffe9v@quantcast.com,Female
357,Sim,Raymen,sraymen9w@is.gd,Male
358,Cristina,Wheble,cwheble9x@youku.com,Female
359,Austina,Kynder,akynder9y@utexas.edu,Female
360,Nady,Brakewell,nbrakewell9z@myspace.com,Female
361,Lona,Astbery,lastberya0@ezinearticles.com,Bigender
362,Nanice,Tudge,ntudgea1@reddit.com,Female
363,Benyamin,Opdenorth,bopdenortha2@geocities.jp,Male
364,Trev,Royans,troyansa3@icq.com,Male
365,Anna-diane,Tesseyman,atesseymana4@mediafire.com,Female
366,Vevay,Honniebal,vhonniebala5@dedecms.com,Female
367,Eveleen,Brolan,ebrolana6@xing.com,Female
368,Carlie,Lantiffe,clantiffea7@g.co,Female
369,Zacherie,Matussov,zmatussova8@samsung.com,Male
370,Mareah,Hundal,mhundala9@forbes.com,Female
371,Jorry,Elverstone,jelverstoneaa@elpais.com,Female
372,Mano,Digan,mdiganab@github.io,Male
373,Donica,Dungey,ddungeyac@pcworld.com,Female
374,Norbie,Branscombe,nbranscombead@bizjournals.com,Male
375,Georgy,Earsman,gearsmanae@mac.com,Male
376,Clara,Markson,cmarksonaf@sakura.ne.jp,Female
377,Peterus,Nehl,pnehlag@ucoz.com,Male
378,Barbara,Tiery,btieryah@fastcompany.com,Female
379,Gray,Folkard,gfolkardai@blogger.com,Female
380,Ortensia,Benyan,obenyanaj@yelp.com,Female
381,Cherye,Occleshaw,coccleshawak@posterous.com,Female
382,Jami,Di Bernardo,jdibernardoal@bloglovin.com,Female
383,Karyl,Allott,kallottam@macromedia.com,Female
384,Harmonia,Roubert,hroubertan@cbslocal.com,Female
385,Dodie,Graeme,dgraemeao@dagondesign.com,Female
386,Hatti,Winters,hwintersap@mapquest.com,Bigender
387,Corbett,Peerless,cpeerlessaq@infoseek.co.jp,Male
388,Edithe,Skillington,eskillingtonar@zimbio.com,Female
389,Larina,Delouch,ldelouchas@artisteer.com,Female
390,Madison,Ovenell,movenellat@time.com,Male
391,Lodovico,Morpeth,lmorpethau@about.com,Male
392,Eunice,Risom,erisomav@taobao.com,Female
393,Aila,Micallef,amicallefaw@technorati.com,Female
394,Darn,Arnson,darnsonax@mtv.com,Male
395,Lexine,Royan,lroyanay@tinypic.com,Female
396,Gwenneth,Este,gesteaz@is.gd,Female
397,Tracey,Rizzardi,trizzardib0@altervista.org,Male
398,Foster,Georgievski,fgeorgievskib1@google.fr,Male
399,Aube,Boden,abodenb2@zdnet.com,Male
400,Alva,Normansell,anormansellb3@plala.or.jp,Male
401,Maddy,Towler,mtowlerb4@upenn.edu,Male
402,Ortensia,Barnewall,obarnewallb5@hp.com,Female
403,Annabal,Kisbey,akisbeyb6@nifty.com,Female
404,Jabez,Durak,jdurakb7@mail.ru,Male
405,Burl,Sennett,bsennettb8@domainmarket.com,Male
406,Annice,Weiser,aweiserb9@vimeo.com,Female
407,Veronique,Carlsen,vcarlsenba@deviantart.com,Female
408,Michael,Briscam,mbriscambb@blogtalkradio.com,Male
409,Gilemette,Baptist,gbaptistbc@deliciousdays.com,Female
410,Lazar,Caddan,lcaddanbd@yolasite.com,Male
411,Marnie,Philippeaux,mphilippeauxbe@samsung.com,Female
412,Sharron,Kynge,skyngebf@zdnet.com,Polygender
413,Carolin,Heard,cheardbg@ebay.co.uk,Female
414,Waylan,Whittaker,wwhittakerbh@sciencedaily.com,Male
415,Feliks,Maplesden,fmaplesdenbi@biglobe.ne.jp,Male
416,Payton,Gainfort,pgainfortbj@yahoo.co.jp,Male
417,Leland,Drinkel,ldrinkelbk@de.vu,Male
418,Helyn,Currin,hcurrinbl@wsj.com,Female
419,Malissa,Randalson,mrandalsonbm@weebly.com,Female
420,Raff,Wheowall,rwheowallbn@edublogs.org,Agender
421,Valry,Pallin,vpallinbo@dropbox.com,Female
422,Magda,Mattiazzo,mmattiazzobp@techcrunch.com,Female
423,Marthe,Raeside,mraesidebq@skype.com,Polygender
424,Scarlet,Hackin,shackinbr@slate.com,Female
425,Sacha,Deards,sdeardsbs@theguardian.com,Female
426,Ruthe,Arnald,rarnaldbt@imdb.com,Female
427,Claudia,Ream,creambu@nature.com,Agender
428,Frederica,Creed,fcreedbv@tripadvisor.com,Female
429,Chucho,Petrovsky,cpetrovskybw@webeden.co.uk,Male
430,Tally,Born,tbornbx@washington.edu,Male
431,Franciska,Fawcitt,ffawcittby@jiathis.com,Genderqueer
432,Margette,Cullabine,mcullabinebz@freewebs.com,Genderqueer
433,Findley,Bernette,fbernettec0@rambler.ru,Male
434,Hattie,Lunge,hlungec1@so-net.ne.jp,Female
435,Julian,Leishman,jleishmanc2@ca.gov,Male
436,Townsend,Schottli,tschottlic3@macromedia.com,Male
437,Winnifred,Hachard,whachardc4@linkedin.com,Female
438,Trudey,Sola,tsolac5@issuu.com,Female
439,Arlin,Willford,awillfordc6@indiatimes.com,Male
440,Jacqueline,Wilsey,jwilseyc7@posterous.com,Female
441,Bernette,Iacovino,biacovinoc8@csmonitor.com,Female
442,Talya,Wade,twadec9@nifty.com,Female
443,Kiah,Freemantle,kfreemantleca@google.pl,Polygender
444,Loella,Acklands,lacklandscb@so-net.ne.jp,Female
445,Sibbie,Caris,scariscc@elpais.com,Female
446,Gwendolin,Yexley,gyexleycd@uiuc.edu,Female
447,Sharon,Forrest,sforrestce@europa.eu,Polygender
448,Zachery,MacCheyne,zmaccheynecf@photobucket.com,Male
449,Else,Darragh,edarraghcg@imdb.com,Female
450,Gearalt,Puffett,gpuffettch@umich.edu,Male
451,Kaia,Stobbie,kstobbieci@reference.com,Female
452,Ola,Pymm,opymmcj@businessinsider.com,Female
453,Ulrick,Smittoune,usmittouneck@comcast.net,Male
454,Standford,Kembley,skembleycl@sitemeter.com,Male
455,Wayland,Hauxley,whauxleycm@usatoday.com,Male
456,Leonerd,Hairesnape,lhairesnapecn@bloglovin.com,Male
457,Ronnie,Charlo,rcharloco@blinklist.com,Male
458,Yehudi,Hackett,yhackettcp@unicef.org,Male
459,Mair,Besnard,mbesnardcq@1und1.de,Female
460,Shirline,Older,soldercr@arstechnica.com,Female
461,Launce,Massei,lmasseics@mapy.cz,Male
462,Marty,Quillinane,mquillinanect@smh.com.au,Male
463,Josee,Grunnell,jgrunnellcu@spotify.com,Female
464,Tessi,Tilson,ttilsoncv@phoca.cz,Female
465,Anetta,Gambrell,agambrellcw@blog.com,Female
466,Willem,Roullier,wroulliercx@hostgator.com,Male
467,Pamella,Beininck,pbeininckcy@umich.edu,Genderqueer
468,Lavinia,Redish,lredishcz@businessinsider.com,Female
469,Agnola,Oehm,aoehmd0@oakley.com,Female
470,Iorgos,Darinton,idarintond1@epa.gov,Male
471,Sidonia,McEnery,smceneryd2@reverbnation.com,Female
472,Leisha,Cissen,lcissend3@diigo.com,Female
473,Christy,Holyard,cholyardd4@usatoday.com,Male
474,Corabelle,Punter,cpunterd5@jigsy.com,Female
475,Benjamin,Watters,bwattersd6@xinhuanet.com,Male
476,Fern,Abrahim,fabrahimd7@is.gd,Female
477,Claresta,MacDougal,cmacdougald8@twitter.com,Female
478,Jenilee,Brownell,jbrownelld9@engadget.com,Female
479,Glen,Jupe,gjupeda@yale.edu,Non-binary
480,Timoteo,Elgey,telgeydb@mtv.com,Male
481,Wendel,Tranckle,wtranckledc@privacy.gov.au,Male
482,Neda,Baggaley,nbaggaleydd@biblegateway.com,Female
483,Loutitia,Jouannisson,ljouannissonde@wikispaces.com,Agender
484,Addie,Twitchings,atwitchingsdf@cpanel.net,Female
485,Cornelia,Edgson,cedgsondg@amazonaws.com,Genderfluid
486,Moshe,Relton,mreltondh@dyndns.org,Male
487,Emmy,Stonnell,estonnelldi@github.io,Female
488,Lucien,Vernazza,lvernazzadj@nba.com,Male
489,Karlotte,Egglestone,kegglestonedk@kickstarter.com,Female
490,Sianna,Crocetti,scrocettidl@reddit.com,Female
491,Glennis,Scrogges,gscroggesdm@tmall.com,Female
492,Meghan,Birchall,mbirchalldn@mac.com,Female
493,Imelda,Darch,idarchdo@senate.gov,Female
494,Clarine,Bridie,cbridiedp@yolasite.com,Female
495,Basil,Perchard,bpercharddq@canalblog.com,Male
496,Murial,Hannam,mhannamdr@timesonline.co.uk,Female
497,Latashia,Parchment,lparchmentds@wiley.com,Female
498,Bord,Prium,bpriumdt@tinyurl.com,Male
499,Albina,Bumby,abumbydu@nature.com,Female
500,Katherine,Letten,klettendv@blogtalkradio.com,Female
501,Giana,Rappport,grappportdw@stumbleupon.com,Female
502,Othilie,Donaho,odonahodx@mtv.com,Female
503,Lani,Palfreeman,lpalfreemandy@google.ru,Female
504,Krystyna,Winterborne,kwinterbornedz@si.edu,Female
505,Quinton,Bragger,qbraggere0@princeton.edu,Male
506,Gretal,Marvell,gmarvelle1@shop-pro.jp,Female
507,Malcolm,Archibald,marchibalde2@independent.co.uk,Male
508,Rozamond,Brien,rbriene3@nymag.com,Female
509,Persis,Chrichton,pchrichtone4@constantcontact.com,Female
510,Tamas,Clemow,tclemowe5@irs.gov,Male
511,Lucais,Kew,lkewe6@oaic.gov.au,Male
512,Pauli,Stoggles,pstogglese7@wp.com,Female
513,Mariska,MacLoughlin,mmacloughline8@pcworld.com,Female
514,Fiann,Bockmaster,fbockmastere9@intel.com,Female
515,Vale,Gioani,vgioaniea@pagesperso-orange.fr,Female
516,Mickie,Marcus,mmarcuseb@sourceforge.net,Male
517,Ikey,Jozwicki,ijozwickiec@addtoany.com,Male
518,Melesa,Farbrother,mfarbrothered@unesco.org,Genderqueer
519,Johnath,Andrei,jandreiee@linkedin.com,Female
520,Humberto,Rolfini,hrolfinief@nbcnews.com,Male
521,Merrel,Dwyr,mdwyreg@jalbum.net,Male
522,Taddeo,Cottey,tcotteyeh@adobe.com,Male
523,Gerik,Berkley,gberkleyei@jigsy.com,Male
524,Alyda,Spellecy,aspellecyej@mapy.cz,Female
525,Clarke,Camoletto,ccamolettoek@redcross.org,Male
526,Xever,Bruneton,xbrunetonel@jugem.jp,Male
527,Anny,Barhem,abarhemem@cpanel.net,Female
528,Ricoriki,Whitington,rwhitingtonen@hao123.com,Male
529,Delila,Slimon,dslimoneo@purevolume.com,Female
530,Patric,Dutnall,pdutnallep@blinklist.com,Male
531,Dolf,Kitchener,dkitchenereq@arstechnica.com,Male
532,Rowney,Calver,rcalverer@chron.com,Male
533,Darnall,Mangam,dmangames@paginegialle.it,Male
534,Zack,Wynrahame,zwynrahameet@usatoday.com,Male
535,Benjie,Antonich,bantonicheu@webs.com,Male
536,Emmit,Helgass,ehelgassev@constantcontact.com,Male
537,Rhetta,Smissen,rsmissenew@ameblo.jp,Genderqueer
538,Rab,Cahan,rcahanex@tuttocitta.it,Male
539,Agosto,Clemonts,aclemontsey@mac.com,Male
540,Sascha,Lamminam,slamminamez@symantec.com,Male
541,Korrie,Hachette,khachettef0@cocolog-nifty.com,Female
542,Frederigo,Jochens,fjochensf1@altervista.org,Male
543,Bobbye,Szubert,bszubertf2@webs.com,Female
544,Sherman,Coughan,scoughanf3@reuters.com,Male
545,Olivier,Crew,ocrewf4@ebay.co.uk,Male
546,Tammy,Vickarman,tvickarmanf5@oracle.com,Female
547,Alleyn,Painswick,apainswickf6@trellian.com,Male
548,Penni,Putton,pputtonf7@cargocollective.com,Bigender
549,Cyndie,Donson,cdonsonf8@cbslocal.com,Female
550,Hoyt,July,hjulyf9@buzzfeed.com,Male
551,Sargent,Scoates,sscoatesfa@last.fm,Male
552,Davidson,McMichan,dmcmichanfb@stanford.edu,Non-binary
553,Johnnie,Grute,jgrutefc@npr.org,Male
554,Keeley,Peotz,kpeotzfd@seesaa.net,Female
555,Joyann,Downe,jdownefe@nyu.edu,Female
556,Anton,Fernant,afernantff@blogtalkradio.com,Male
557,Kendra,Ibbitt,kibbittfg@facebook.com,Female
558,Juanita,Newey,jneweyfh@weibo.com,Female
559,Gaultiero,Dymidowicz,gdymidowiczfi@studiopress.com,Male
560,Raynard,Delves,rdelvesfj@globo.com,Male
561,Worden,Varden,wvardenfk@noaa.gov,Male
562,Inez,Smalman,ismalmanfl@desdev.cn,Genderfluid
563,Solomon,Stolting,sstoltingfm@flavors.me,Male
564,Sig,Ezzell,sezzellfn@cargocollective.com,Male
565,Barby,Shotboult,bshotboultfo@cam.ac.uk,Female
566,Gabey,Methingam,gmethingamfp@domainmarket.com,Female
567,Gael,Leathe,gleathefq@utexas.edu,Female
568,Hanan,Baldetti,hbaldettifr@patch.com,Male
569,Donnie,Pietrusiak,dpietrusiakfs@spiegel.de,Female
570,Barbie,Pettegree,bpettegreeft@dot.gov,Female
571,Herminia,Pharoah,hpharoahfu@flavors.me,Female
572,Joby,Wingeatt,jwingeattfv@dedecms.com,Female
573,Aloin,Breinl,abreinlfw@hibu.com,Male
574,Jan,Volleth,jvollethfx@state.tx.us,Female
575,Stephana,Wagenen,swagenenfy@reuters.com,Female
576,Sayers,Kilgallon,skilgallonfz@ucsd.edu,Male
577,Brittaney,Jiles,bjilesg0@seesaa.net,Female
578,Dill,Greensite,dgreensiteg1@sun.com,Male
579,Lorenzo,Leates,lleatesg2@netscape.com,Male
580,Melony,Cancott,mcancottg3@usda.gov,Female
581,Juan,Capon,jcapong4@ow.ly,Male
582,Roarke,Booeln,rbooelng5@wufoo.com,Male
583,Vale,Wardington,vwardingtong6@gizmodo.com,Male
584,Kingsley,Landor,klandorg7@php.net,Agender
585,Lee,Espinel,lespinelg8@xing.com,Male
586,Tressa,Evason,tevasong9@storify.com,Female
587,Laverne,Gailor,lgailorga@artisteer.com,Female
588,Merle,Braker,mbrakergb@telegraph.co.uk,Male
589,Hal,Burgne,hburgnegc@un.org,Male
590,Finley,McClements,fmcclementsgd@vk.com,Male
591,Cristian,Pughsley,cpughsleyge@bigcartel.com,Non-binary
592,Merola,De Metz,mdemetzgf@mashable.com,Female
593,Elston,Shovlin,eshovlingg@paginegialle.it,Male
594,Mollie,Yoskowitz,myoskowitzgh@friendfeed.com,Female
595,Sergeant,Balmadier,sbalmadiergi@linkedin.com,Male
596,Lyn,Dibden,ldibdengj@yellowpages.com,Female
597,Beatrice,Curwood,bcurwoodgk@blogspot.com,Female
598,Larry,Hugill,lhugillgl@goodreads.com,Male
599,Lorry,Arrault,larraultgm@bloglines.com,Male
600,Ty,Turle,tturlegn@flickr.com,Male
601,Willis,Ginnally,wginnallygo@clickbank.net,Male
602,Merline,Juste,mjustegp@psu.edu,Female
603,Christopher,Steutly,csteutlygq@jigsy.com,Male
604,Madison,Houlston,mhoulstongr@topsy.com,Male
605,Curran,Rallin,crallings@sciencedirect.com,Male
606,Llywellyn,Teliga,lteligagt@desdev.cn,Male
607,Betti,Olrenshaw,bolrenshawgu@weibo.com,Female
608,Kristen,Fagan,kfagangv@google.co.jp,Female
609,Maighdiln,Naseby,mnasebygw@google.de,Female
610,Claudia,Brockett,cbrockettgx@jiathis.com,Female
611,Lawrence,Ebanks,lebanksgy@blogs.com,Male
612,Kippie,Cullivan,kcullivangz@a8.net,Female
613,Stewart,Kitcat,skitcath0@zimbio.com,Male
614,Tome,Butter,tbutterh1@tiny.cc,Male
615,Winthrop,Harrowsmith,wharrowsmithh2@go.com,Bigender
616,Colline,Ancketill,cancketillh3@phpbb.com,Non-binary
617,Daphene,Kilner,dkilnerh4@virginia.edu,Female
618,Euell,Cressy,ecressyh5@opera.com,Male
619,Pedro,Eslinger,peslingerh6@house.gov,Male
620,Freddi,Baff,fbaffh7@gizmodo.com,Female
621,Ariel,McPeice,amcpeiceh8@netlog.com,Male
622,Melina,Syers,msyersh9@constantcontact.com,Female
623,Neil,Ughi,nughiha@go.com,Polygender
624,Fiona,Wasylkiewicz,fwasylkiewiczhb@wiley.com,Female
625,Selig,Farfalameev,sfarfalameevhc@ning.com,Male
626,Cal,MacGraith,cmacgraithhd@ca.gov,Male
627,Lefty,Wedlock,lwedlockhe@facebook.com,Male
628,Marsh,Redmore,mredmorehf@cloudflare.com,Male
629,Korney,Stiegars,kstiegarshg@tiny.cc,Female
630,Weider,Jakubski,wjakubskihh@dmoz.org,Male
631,Gearard,Leathe,gleathehi@nature.com,Male
632,Rafaello,Hughson,rhughsonhj@dailymotion.com,Polygender
633,Tybie,Wasbrough,twasbroughhk@sitemeter.com,Female
634,Rosana,Medhurst,rmedhursthl@gnu.org,Female
635,Demetris,Benwell,dbenwellhm@samsung.com,Male
636,Sosanna,Angless,sanglesshn@scribd.com,Female
637,Daria,Oran,doranho@liveinternet.ru,Female
638,Carter,Elster,celsterhp@shutterfly.com,Male
639,Darnell,Leas,dleashq@yolasite.com,Male
640,Henrietta,Folbig,hfolbighr@who.int,Bigender
641,Lisette,Leinweber,lleinweberhs@seattletimes.com,Female
642,Tiffie,Koba,tkobaht@blog.com,Female
643,Petra,Ebbitt,pebbitthu@jigsy.com,Female
644,Jeanie,Hollibone,jhollibonehv@guardian.co.uk,Female
645,Sydel,Goering,sgoeringhw@google.co.jp,Female
646,Jarvis,Baal,jbaalhx@phoca.cz,Male
647,Karim,Bownes,kbowneshy@time.com,Male
648,Corney,Beet,cbeethz@naver.com,Male
649,Fernande,Eakeley,feakeleyi0@plala.or.jp,Female
650,Thibaut,Gherardesci,tgherardescii1@upenn.edu,Male
651,Penni,Milesap,pmilesapi2@weather.com,Female
652,Conni,Maple,cmaplei3@ebay.com,Female
653,Chrisy,Slaight,cslaighti4@state.gov,Male
654,Cloe,Redmire,credmirei5@addtoany.com,Female
655,Harcourt,Spender,hspenderi6@earthlink.net,Male
656,Alanson,Stock,astocki7@sun.com,Male
657,Stanley,Blake,sblakei8@parallels.com,Genderfluid
658,Tremaine,Chalcot,tchalcoti9@redcross.org,Male
659,Elka,Pilipyak,epilipyakia@sun.com,Female
660,Isa,MacLaig,imaclaigib@cbslocal.com,Female
661,Rafe,Grewar,rgrewaric@cloudflare.com,Male
662,Camel,Whitcombe,cwhitcombeid@smugmug.com,Polygender
663,Emlen,Zettoi,ezettoiie@epa.gov,Male
664,Lanette,Laraway,llarawayif@cocolog-nifty.com,Female
665,Berti,Gadd,bgaddig@baidu.com,Female
666,Daffi,Grimestone,dgrimestoneih@yale.edu,Female
667,Marjy,Roof,mroofii@youtube.com,Female
668,Michele,Turnbull,mturnbullij@spiegel.de,Female
669,Mic,Ivkovic,mivkovicik@instagram.com,Genderqueer
670,Kerianne,Blondin,kblondinil@phoca.cz,Female
671,Donnie,Adam,dadamim@cam.ac.uk,Male
672,Edmon,Croy,ecroyin@forbes.com,Male
673,Lacee,Garey,lgareyio@seesaa.net,Female
674,Seward,Randle,srandleip@skyrock.com,Male
675,Aliza,Jaszczak,ajaszczakiq@vistaprint.com,Female
676,Tate,Bargh,tbarghir@addtoany.com,Female
677,Ros,Goddard,rgoddardis@sciencedirect.com,Polygender
678,Garek,Sabater,gsabaterit@godaddy.com,Male
679,Rene,Gilbody,rgilbodyiu@wikimedia.org,Female
680,Pierette,Langfat,plangfativ@sphinn.com,Female
681,Trenna,Addey,taddeyiw@networkadvertising.org,Female
682,Meghann,Chavey,mchaveyix@parallels.com,Female
683,Willie,Gunther,wguntheriy@ustream.tv,Male
684,Linn,Handke,lhandkeiz@multiply.com,Female
685,Mindy,Fumagall,mfumagallj0@comcast.net,Female
686,Shayne,Screaton,sscreatonj1@ebay.co.uk,Female
687,Sandie,Yegorkov,syegorkovj2@census.gov,Female
688,Katrine,Kirwood,kkirwoodj3@amazon.com,Female
689,Jewelle,Matterdace,jmatterdacej4@yahoo.co.jp,Female
690,Valentin,Stonbridge,vstonbridgej5@unicef.org,Male
691,Cob,McGinnell,cmcginnellj6@guardian.co.uk,Male
692,Titos,Connealy,tconnealyj7@omniture.com,Non-binary
693,Wittie,Markwelley,wmarkwelleyj8@youtu.be,Male
694,Morgun,Rey,mreyj9@ifeng.com,Male
695,Andreas,Gibbonson,agibbonsonja@devhub.com,Male
696,Rosco,Eastbury,reastburyjb@slate.com,Male
697,Jessy,Lilleycrop,jlilleycropjc@storify.com,Female
698,Shelby,Brunel,sbruneljd@godaddy.com,Genderfluid
699,Kali,Doumer,kdoumerje@umn.edu,Female
700,Gabey,Grint,ggrintjf@sciencedirect.com,Female
701,Silvie,Bisco,sbiscojg@ameblo.jp,Female
702,Oran,Howsley,ohowsleyjh@narod.ru,Male
703,Tommie,Feckey,tfeckeyji@sourceforge.net,Male
704,Amata,Scibsey,ascibseyjj@globo.com,Female
705,Katee,Sellick,ksellickjk@soundcloud.com,Female
706,Levin,Mountlow,lmountlowjl@infoseek.co.jp,Male
707,Heriberto,Trowell,htrowelljm@ustream.tv,Male
708,Rob,Szymanowski,rszymanowskijn@about.me,Male
709,Kiersten,McArd,kmcardjo@businesswire.com,Female
710,Ruben,O'Curran,rocurranjp@sohu.com,Male
711,Kaela,Letterese,kletteresejq@unesco.org,Female
712,Roseanne,Wessing,rwessingjr@joomla.org,Bigender
713,Dorotea,Sancroft,dsancroftjs@sphinn.com,Female
714,Reynard,Roache,rroachejt@ameblo.jp,Male
715,Hamnet,Sleit,hsleitju@forbes.com,Male
716,Bill,Glowacha,bglowachajv@amazon.com,Female
717,Abraham,Nortunen,anortunenjw@clickbank.net,Male
718,Austin,Grigoriscu,agrigoriscujx@cpanel.net,Male
719,Sibelle,Heskey,sheskeyjy@de.vu,Female
720,Donetta,Egdal,degdaljz@marketwatch.com,Genderqueer
721,Rolfe,Bradtke,rbradtkek0@gnu.org,Male
722,Latia,Peace,lpeacek1@elegantthemes.com,Female
723,Calida,Lindgren,clindgrenk2@cam.ac.uk,Female
724,Reuven,Akett,rakettk3@tiny.cc,Male
725,Hallie,Antunez,hantunezk4@ibm.com,Female
726,Shurlocke,Kendal,skendalk5@washingtonpost.com,Male
727,Antonietta,Porteous,aporteousk6@geocities.jp,Female
728,Jenna,Compson,jcompsonk7@smh.com.au,Genderqueer
729,Bertrando,Kirke,bkirkek8@surveymonkey.com,Male
730,Ollie,Clive,oclivek9@msn.com,Agender
731,Katusha,St. Quentin,kstquentinka@yelp.com,Female
732,Marcy,Gayther,mgaytherkb@mozilla.org,Female
733,Ann,Sherrell,asherrellkc@dropbox.com,Female
734,Nels,Alldridge,nalldridgekd@drupal.org,Male
735,Neda,Sergeant,nsergeantke@loc.gov,Female
736,Helenka,Alton,haltonkf@a8.net,Female
737,Halsy,Tuxill,htuxillkg@springer.com,Male
738,Amos,Eykelbosch,aeykelboschkh@last.fm,Male
739,Brade,Haversum,bhaversumki@biblegateway.com,Agender
740,Gerti,Neiland,gneilandkj@wisc.edu,Female
741,Dasie,Blazewski,dblazewskikk@goo.gl,Female
742,Felipa,Goddman,fgoddmankl@rambler.ru,Female
743,Bunni,McCrackan,bmccrackankm@bbb.org,Genderfluid
744,Abrahan,Drydale,adrydalekn@nba.com,Male
745,Carleton,Roscow,croscowko@sciencedaily.com,Male
746,Cordy,Alberti,calbertikp@baidu.com,Male
747,Catherin,Isakovic,cisakovickq@oaic.gov.au,Female
748,Ali,Pinfold,apinfoldkr@google.com.hk,Female
749,Vonnie,Heymes,vheymesks@plala.or.jp,Female
750,Darcy,Ilyunin,dilyuninkt@europa.eu,Male
751,Collen,Iltchev,ciltchevku@msn.com,Female
752,Remington,Rubberts,rrubbertskv@miibeian.gov.cn,Male
753,Wilburt,Sherr,wsherrkw@parallels.com,Male
754,Nancie,Schustl,nschustlkx@pcworld.com,Female
755,Rubetta,Wozencroft,rwozencroftky@admin.ch,Female
756,Sigismund,Pucker,spuckerkz@illinois.edu,Male
757,Kassia,Klaassens,kklaassensl0@addtoany.com,Genderfluid
758,Franchot,Issett,fissettl1@java.com,Male
759,Jolee,Gertz,jgertzl2@columbia.edu,Female
760,Albertina,Ilyasov,ailyasovl3@samsung.com,Non-binary
761,Lauralee,Argue,larguel4@google.co.jp,Female
762,Donielle,Rozea,drozeal5@ezinearticles.com,Female
763,Stephana,Bullivant,sbullivantl6@hp.com,Female
764,Hildegaard,Vassel,hvassell7@cargocollective.com,Female
765,Cleveland,Brocklebank,cbrocklebankl8@networkadvertising.org,Male
766,Rafaello,Mattea,rmatteal9@rambler.ru,Male
767,Ange,Eger,aegerla@phoca.cz,Male
768,Gray,Dallman,gdallmanlb@hostgator.com,Female
769,Marnia,Tees,mteeslc@theglobeandmail.com,Female
770,Jacqueline,Burgoine,jburgoineld@wordpress.org,Female
771,Haley,Murthwaite,hmurthwaitele@tripod.com,Female
772,De witt,Plewes,dpleweslf@wired.com,Male
773,Barb,Oldfield,boldfieldlg@printfriendly.com,Female
774,Sheilah,Bonniface,sbonnifacelh@icq.com,Female
775,Aylmar,Shovlin,ashovlinli@pagesperso-orange.fr,Bigender
776,Claudette,Robiot,crobiotlj@over-blog.com,Female
777,Baxy,Pithie,bpithielk@zdnet.com,Male
778,Hamlin,Melmar,hmelmarll@theatlantic.com,Male
779,Brigg,Genney,bgenneylm@domainmarket.com,Polygender
780,Sapphire,Hubbis,shubbisln@netlog.com,Female
781,Raphaela,Guiden,rguidenlo@feedburner.com,Female
782,Richy,Kensington,rkensingtonlp@economist.com,Male
783,Ada,Beston,abestonlq@weebly.com,Female
784,Rolando,Lochhead,rlochheadlr@telegraph.co.uk,Male
785,Jacki,Gudde,jguddels@nih.gov,Female
786,Kilian,Matthews,kmatthewslt@canalblog.com,Genderfluid
787,Silvie,Pigott,spigottlu@tiny.cc,Female
788,Farrel,Batistelli,fbatistellilv@mediafire.com,Male
789,Maria,Shepherdson,mshepherdsonlw@state.tx.us,Female
790,Oralle,Mordan,omordanlx@mysql.com,Female
791,Wallache,La Wille,wlawillely@scientificamerican.com,Male
792,Jesse,Bezemer,jbezemerlz@wix.com,Male
793,Serena,Tandey,standeym0@xing.com,Female
794,Mal,Luigi,mluigim1@youku.com,Male
795,Trish,Delacour,tdelacourm2@fc2.com,Female
796,Daveta,Dearnaly,ddearnalym3@google.de,Female
797,Monti,Tamlett,mtamlettm4@cnet.com,Bigender
798,Arliene,Fitzsymon,afitzsymonm5@princeton.edu,Female
799,Mercy,Michurin,mmichurinm6@hp.com,Female
800,Oran,Zollner,ozollnerm7@over-blog.com,Male
801,Lanny,Kenworthy,lkenworthym8@auda.org.au,Female
802,Kincaid,Baglow,kbaglowm9@apache.org,Male
803,Sutton,Insworth,sinsworthma@forbes.com,Male
804,Corabel,Bartolomivis,cbartolomivismb@studiopress.com,Female
805,Goran,Dyster,gdystermc@fc2.com,Male
806,Ellen,Baldetti,ebaldettimd@ucla.edu,Female
807,Trumann,Scotchmore,tscotchmoreme@squarespace.com,Male
808,Baldwin,Morley,bmorleymf@mapy.cz,Male
809,Weidar,Spurge,wspurgemg@is.gd,Male
810,Celie,Durrett,cdurrettmh@psu.edu,Female
811,Peggie,McSperrin,pmcsperrinmi@twitpic.com,Female
812,Haley,Meineck,hmeineckmj@google.es,Male
813,Kimbra,Sieur,ksieurmk@vk.com,Female
814,Mariquilla,Mead,mmeadml@theatlantic.com,Female
815,Boony,Flacknell,bflacknellmm@acquirethisname.com,Male
816,Anna-diane,Dennistoun,adennistounmn@fastcompany.com,Polygender
817,Paige,Mulleary,pmullearymo@vimeo.com,Male
818,Theodoric,Sach,tsachmp@flavors.me,Male
819,Benedicto,Middas,bmiddasmq@npr.org,Male
820,Gris,Clausewitz,gclausewitzmr@1und1.de,Male
821,Tonnie,Trillo,ttrilloms@amazon.com,Male
822,Laurie,Tear,ltearmt@scribd.com,Male
823,Cortney,Leith-Harvey,cleithharveymu@hc360.com,Female
824,Camala,Nussgen,cnussgenmv@xinhuanet.com,Female
825,Ophelie,Jeness,ojenessmw@php.net,Female
826,Guilbert,Gheeraert,ggheeraertmx@ft.com,Male
827,Earle,Cearley,ecearleymy@technorati.com,Male
828,Dody,Sallis,dsallismz@geocities.com,Female
829,Gypsy,Swinbourne,gswinbournen0@ocn.ne.jp,Female
830,Christophe,Orry,corryn1@deviantart.com,Male
831,Lianne,Filppetti,lfilppettin2@spiegel.de,Female
832,Penrod,Hawley,phawleyn3@youtu.be,Male
833,Cirillo,Hulk,chulkn4@histats.com,Male
834,Mayne,Cunde,mcunden5@miibeian.gov.cn,Male
835,Salvidor,Heathorn,sheathornn6@newyorker.com,Male
836,Marcela,Grabb,mgrabbn7@economist.com,Female
837,Thor,Larmuth,tlarmuthn8@ft.com,Male
838,Nomi,Dowbekin,ndowbekinn9@si.edu,Female
839,Abdel,Bodill,abodillna@elegantthemes.com,Male
840,Nady,Madelin,nmadelinnb@cloudflare.com,Female
841,Spense,Colls,scollsnc@craigslist.org,Male
842,Gilburt,Dorro,gdorrond@flickr.com,Polygender
843,Bald,Saunton,bsauntonne@people.com.cn,Male
844,Kerrie,Zanettini,kzanettininf@xing.com,Female
845,Pennie,Gratrix,pgratrixng@hao123.com,Male
846,Rozelle,Woodfin,rwoodfinnh@jugem.jp,Female
847,Kele,Milillo,kmililloni@ning.com,Male
848,Marchelle,Bearns,mbearnsnj@wordpress.org,Female
849,Lainey,Sabbin,lsabbinnk@webmd.com,Female
850,Clemmy,Stitwell,cstitwellnl@yellowbook.com,Male
851,Fidel,Tenpenny,ftenpennynm@themeforest.net,Polygender
852,Oliviero,Liles,olilesnn@berkeley.edu,Male
853,Jojo,Lamy,jlamyno@washington.edu,Female
854,Hogan,McGeoch,hmcgeochnp@mediafire.com,Male
855,Justino,Dankov,jdankovnq@canalblog.com,Male
856,Perry,Gorries,pgorriesnr@instagram.com,Male
857,Margery,O'Gleasane,mogleasanens@i2i.jp,Female
858,Layne,Breukelman,lbreukelmannt@google.nl,Female
859,Malvin,Maystone,mmaystonenu@wordpress.com,Male
860,Melli,Pigney,mpigneynv@hud.gov,Female
861,Carolyne,Durrad,cdurradnw@unicef.org,Female
862,Vassili,Islep,vislepnx@yahoo.com,Male
863,Sherlocke,Sherston,ssherstonny@gov.uk,Male
864,Sayre,Sowthcote,ssowthcotenz@youtu.be,Genderfluid
865,Lorri,Saxon,lsaxono0@canalblog.com,Female
866,Nisse,Bengough,nbengougho1@sourceforge.net,Female
867,Knox,Itscowics,kitscowicso2@ustream.tv,Male
868,Derrick,Brisseau,dbrisseauo3@cbsnews.com,Male
869,Roy,McNea,rmcneao4@infoseek.co.jp,Genderqueer
870,Nilson,Adshede,nadshedeo5@seattletimes.com,Male
871,Collie,Vidloc,cvidloco6@reference.com,Female
872,Vance,Horlock,vhorlocko7@mashable.com,Male
873,Job,Minchinton,jminchintono8@jimdo.com,Bigender
874,Rubia,Akker,rakkero9@digg.com,Female
875,Minerva,Ipwell,mipwelloa@delicious.com,Female
876,Jard,Brundrett,jbrundrettob@vistaprint.com,Male
877,Elaine,Keoghan,ekeoghanoc@g.co,Female
878,Wilmette,Desorts,wdesortsod@hud.gov,Polygender
879,Yul,Forcade,yforcadeoe@cocolog-nifty.com,Male
880,Blayne,Casaccia,bcasacciaof@theglobeandmail.com,Male
881,Althea,Witherup,awitherupog@dagondesign.com,Female
882,Kriste,Pol,kpoloh@bluehost.com,Female
883,Sally,Rainbow,srainbowoi@yolasite.com,Female
884,Steffie,Murfett,smurfettoj@mozilla.org,Genderfluid
885,Glynis,Filipson,gfilipsonok@google.co.uk,Female
886,Hendrika,Huie,hhuieol@constantcontact.com,Female
887,Edsel,Eldredge,eeldredgeom@kickstarter.com,Male
888,Filmore,Blinckhorne,fblinckhorneon@gmpg.org,Male
889,Eugenie,Utley,eutleyoo@163.com,Female
890,Bird,Parchment,bparchmentop@reference.com,Genderqueer
891,Glynda,Barttrum,gbarttrumoq@deviantart.com,Female
892,Kandace,Hedde,kheddeor@economist.com,Female
893,Jacques,Findon,jfindonos@tinypic.com,Male
894,Kim,Freckleton,kfreckletonot@etsy.com,Male
895,Sadye,Grinnov,sgrinnovou@theatlantic.com,Female
896,Gerry,Millership,gmillershipov@omniture.com,Female
897,Karoly,Rumbelow,krumbelowow@buzzfeed.com,Female
898,Gerty,Rablen,grablenox@sphinn.com,Female
899,Jessamine,Ivanyutin,jivanyutinoy@zimbio.com,Polygender
900,Alana,Christescu,achristescuoz@google.pl,Female
901,Willem,Peye,wpeyep0@techcrunch.com,Male
902,Heywood,Boc,hbocp1@skype.com,Male
903,Maddie,Elcombe,melcombep2@archive.org,Male
904,Leroi,Noone,lnoonep3@noaa.gov,Male
905,Barny,Simper,bsimperp4@wikimedia.org,Non-binary
906,Dewitt,Brignall,dbrignallp5@msn.com,Male
907,Cathrine,Crinidge,ccrinidgep6@friendfeed.com,Female
908,Lark,Kropp,lkroppp7@cpanel.net,Female
909,Regen,Caldecourt,rcaldecourtp8@clickbank.net,Male
910,Arlyne,Gronw,agronwp9@bing.com,Genderfluid
911,Alva,Beszant,abeszantpa@icq.com,Male
912,Inesita,Lambswood,ilambswoodpb@wordpress.org,Genderqueer
913,Marietta,Beadnell,mbeadnellpc@indiatimes.com,Female
914,Sherwynd,Bretland,sbretlandpd@com.com,Agender
915,Bancroft,Websdale,bwebsdalepe@latimes.com,Bigender
916,Jerrilyn,Acland,jaclandpf@is.gd,Female
917,Arleen,Orme,aormepg@youtu.be,Female
918,Robin,Sertin,rsertinph@cbsnews.com,Male
919,Andromache,Rocks,arockspi@washingtonpost.com,Female
920,Shem,Van Rembrandt,svanrembrandtpj@rediff.com,Male
921,Enos,Cambden,ecambdenpk@bigcartel.com,Male
922,Willy,Eaden,weadenpl@4shared.com,Male
923,Anitra,Rutherford,arutherfordpm@msn.com,Female
924,Fair,Liddyard,fliddyardpn@fastcompany.com,Male
925,Minnie,Klesl,mkleslpo@usatoday.com,Female
926,Ermengarde,Pude,epudepp@sakura.ne.jp,Female
927,Lemmie,Poulglais,lpoulglaispq@wordpress.com,Male
928,Consalve,Giabuzzi,cgiabuzzipr@epa.gov,Genderqueer
929,Cassaundra,Rabbitts,crabbittsps@mlb.com,Female
930,Worthington,Shire,wshirept@mapy.cz,Male
931,Holden,Georgeot,hgeorgeotpu@webmd.com,Male
932,Farr,Iamittii,fiamittiipv@feedburner.com,Male
933,Antonius,Pecey,apeceypw@howstuffworks.com,Male
934,Emmet,Bletso,ebletsopx@google.fr,Male
935,Brandy,Lum,blumpy@answers.com,Male
936,Randall,Tonna,rtonnapz@de.vu,Male
937,Richie,Hassell,rhassellq0@house.gov,Male
938,Cecile,Soan,csoanq1@scribd.com,Female
939,Corette,Jollye,cjollyeq2@theatlantic.com,Female
940,Rahal,Drake,rdrakeq3@google.fr,Female
941,Mirelle,Pastor,mpastorq4@mail.ru,Female
942,Mignon,Sabater,msabaterq5@e-recht24.de,Female
943,Benedikta,McCurtin,bmccurtinq6@home.pl,Female
944,Doy,Chattey,dchatteyq7@soundcloud.com,Male
945,Nate,Geeves,ngeevesq8@cyberchimps.com,Male
946,Berk,Dallman,bdallmanq9@phpbb.com,Male
947,Brent,McClory,bmccloryqa@yellowbook.com,Male
948,Beatrix,Wressell,bwressellqb@jimdo.com,Female
949,Daile,Padula,dpadulaqc@dailymotion.com,Non-binary
950,Ninon,Beardsall,nbeardsallqd@yellowpages.com,Female
951,Whittaker,McCome,wmccomeqe@blogspot.com,Male
952,Denis,Teresse,dteresseqf@sbwire.com,Male
953,Kayley,Reggio,kreggioqg@hc360.com,Female
954,Blakelee,Mabbitt,bmabbittqh@earthlink.net,Female
955,Dougie,Isted,distedqi@usgs.gov,Male
956,Brant,Ullrich,bullrichqj@digg.com,Male
957,Denny,Venturoli,dventuroliqk@photobucket.com,Female
958,Boothe,Thying,bthyingql@cnet.com,Male
959,Thorn,Siddele,tsiddeleqm@taobao.com,Male
960,Bendicty,Allcroft,ballcroftqn@exblog.jp,Male
961,Charissa,Bonsale,cbonsaleqo@seattletimes.com,Female
962,Tova,Manjin,tmanjinqp@epa.gov,Female
963,Shanna,O' Lone,soloneqq@discuz.net,Non-binary
964,Jo-anne,Hardiker,jhardikerqr@artisteer.com,Female
965,Avery,Sherbourne,asherbourneqs@issuu.com,Male
966,Ansel,Smithyman,asmithymanqt@webmd.com,Genderqueer
967,Merilyn,Yelland,myellandqu@answers.com,Female
968,Antonie,Leech,aleechqv@domainmarket.com,Female
969,Isa,Iskow,iiskowqw@e-recht24.de,Male
970,Mufi,Christoffe,mchristoffeqx@economist.com,Female
971,Tiffy,Rawlingson,trawlingsonqy@google.com.br,Female
972,Ashil,Medd,ameddqz@webeden.co.uk,Female
973,Fin,Peare,fpearer0@businessweek.com,Male
974,Bank,Banghe,bbangher1@wordpress.org,Male
975,Haslett,Puckring,hpuckringr2@scribd.com,Male
976,Jorgan,Peinke,jpeinker3@wikipedia.org,Male
977,Blondell,Ellwood,bellwoodr4@marriott.com,Female
978,Dehlia,Routledge,droutledger5@goo.gl,Female
979,Deena,Billson,dbillsonr6@go.com,Female
980,Konstance,Tollerton,ktollertonr7@cnbc.com,Female
981,Nicko,Geldert,ngeldertr8@army.mil,Male
982,Malcolm,Northover,mnorthoverr9@oracle.com,Male
983,Sully,Gartell,sgartellra@bigcartel.com,Male
984,Ernesta,Severs,eseversrb@unesco.org,Female
985,Juli,Yushkov,jyushkovrc@sakura.ne.jp,Female
986,Nona,Arnall,narnallrd@studiopress.com,Female
987,Mark,Bresnen,mbresnenre@gmpg.org,Male
988,Langston,Moors,lmoorsrf@deliciousdays.com,Male
989,Ethelbert,Worral,eworralrg@cnbc.com,Male
990,Joanie,Loody,jloodyrh@ning.com,Female
991,Marietta,Ibbitt,mibbittri@google.nl,Female
992,Margaret,Lensch,mlenschrj@jugem.jp,Female
993,Brendan,Clementucci,bclementuccirk@cdbaby.com,Male
994,Pip,Sully,psullyrl@vistaprint.com,Male
995,Freemon,Barczynski,fbarczynskirm@smh.com.au,Male
996,Caspar,Hubbard,chubbardrn@ebay.com,Male
997,Ty,Franceschino,tfranceschinoro@blogspot.com,Male
998,Stanly,Cansdale,scansdalerp@diigo.com,Male
999,Ambrose,Betjes,abetjesrq@gravatar.com,Male
1000,Gabriello,Doncom,gdoncomrr@thetimes.co.uk,Male
